{
  "train_accuracy": 0.94125,
  "test_accuracy": 0.855,
  "precision": 0.8552753391859538,
  "recall": 0.855,
  "f1_score": 0.8343237657864523,
  "confusion_matrix": [
    [
      153,
      3
    ],
    [
      26,
      18
    ]
  ]
}